variable,count,mean,std,min,25%,50%,75%,max,original
dummy1,1000.0,-0.00035510250426284696,0.009084039147418219,-0.0259642592997586,-0.006360254710489925,-0.0004185784835204,0.00574869565116025,0.0266505432498291,0.0053986045987031
dummy2,1000.0,0.0002597976324724137,0.008732102730968663,-0.027145219869439,-0.0057804115466293,-3.711429592190285e-05,0.006319074738629875,0.0318969659114287,-0.0081336071879718
x1,1000.0,-0.10057620923720968,3.1022454521614593,-7.679961905341517,-2.1692593388542143,-0.15327853871116426,1.80638709759832,28.20363318193456,28.20363318193456
x2,1000.0,-0.06300608303132348,7.8203076180839,-28.19856684083822,-5.180860689797857,-0.07167756770153795,5.1109703331334115,75.05196448669889,75.05196448669889
x3,1000.0,0.07121676470561465,1.8967034710335904,-6.875332547422502,-1.1925272663626245,0.1242426502056055,1.3599087838287922,17.756127235263236,17.756127235263236
